Study	Key	File	Sub-Key	Value
static	_doc		_description	This section of the document is meant to help understand the organization of key-value pairs and how it supports the creation of files from https://docs.cbioportal.org/5.1-data-loading/data-loading/file-formats as part of the cBioportal ETL
static	_doc		sections.case_x	cBio case lists - sample lists describing which samples have mutation data, sv data, cnv data, etc. See https://docs.cbioportal.org/5.1-data-loading/data-loading/file-formats#case-lists for specifics
static	_doc		sections.data_sheets	Clinical patient and sample data as well as gene matrix if panel data present. Distinct from other data_x files in that in contains sample and patient metadata and not genomic data
static	_doc		sections.database_pulls	{'_description': 'This section is used to support pulling auto-generated clinical data tables and supporting genomics etl information from the D3b Data Warehouse', 'manifests': {'<manifest descriptor>': {'_description': 'The key for this field is meant to be a convenient descriptor of what sub-study files derive from, as a cBio study make come from many sources', 'table': 'D3b warehouse table name with relevant file info', 'file_types': 'Manifests typically contain all possible harmonization outputs. Specifying specific file_type(s) limits to relevant outputs. Exception is annotated_public_output, etl will pull only he maf as vcfs are included in that query.', 'out_file': 'Desired output file name'}}, 'x_head': 'Special header file table for data_clinical(sample/patient). cBio data_clinical headers have 5 header rows, and which columns are used are determined by the x_file table', 'x_file': 'sample or patient tables with corresponding metadata at the sample and patient levels', 'genomics_etl': 'a helper file with relevant cBio sample names and individual genomic files names for ETL merging', 'seq_center': 'only if project has RNA data, a helper file to fill in missing sequencing center information for genomics etl', 'gene_file': 'Only if study has panel data, the source information for gene matrix in the data_sheets section'}
static	_doc		sections.merged_x	{'_description': 'Support information for merged genomic data and supporting meta files. ', 'dir': 'output directory for merged results. Should match output dir specified by etl conversion script at run time', 'dtypes': {'_description': 'Data types - cBio defined data types. _comment has link to detailed specifics in each section.', 'ext': 'File extension of merged outputs from etl script', 'cbio_name': 'cBio output file name - a soft link to the etl output created inside the study directory', 'meta_file_attributes': 'Direct key-value paris used by cBio in a meta_x file used to describe data_x files'}}
static	_doc		sections.study	Special meta file used to describe the cBio study
static	bed_genes			REFS/Homo_sapiens.GRCh38.105.chr.gtf_genes.bed
static	bedtools			bedtools
static	cases_all		case_list_category	all_cases_in_study
static	cases_all		stable_id	all
static	cbioportal_validator			external_scripts/cbioportal-5.4.10/core/src/main/scripts/importer/validateData.py
static	cnv_high_gain			4
static	cp_only_script			scripts/get_cbio_copy_only_num.pl
static	cpus			8
static	data_sheets		dir	datasheets
static	data_sheets		dtypes.patient	{'_comment': 'see https://docs.cbioportal.org/5.1-data-loading/data-loading/file-formats#example-clinical-header for detailed specifics', 'cbio_name': 'data_clinical_patient.txt', 'meta_file_attr': {'genetic_alteration_type': 'CLINICAL', 'datatype': 'PATIENT_ATTRIBUTES'}}
static	data_sheets		dtypes.sample	{'_comment': 'see https://docs.cbioportal.org/5.1-data-loading/data-loading/file-formats#clinical-sample-columns for detailed specifics', 'cbio_name': 'data_clinical_sample.txt', 'meta_file_attr': {'genetic_alteration_type': 'CLINICAL', 'datatype': 'SAMPLE_ATTRIBUTES'}}
static	database_pulls		_comment	This section is used to numerate relevant database schema and tables needed for clinical data and supporting genomic etl files
static	database_pulls		genomics_etl.out_file	cbio_file_name_id.txt
static	database_pulls		patient_file.out_file	data_clinical_patient.txt
static	database_pulls		patient_head.table	template_patient_header.txt
static	database_pulls		sample_file.out_file	data_clinical_sample.txt
static	database_pulls		sample_head.table	template_sample_header.txt
static	ens_gene_list			REFS/gencode27_gene_list.txt
static	entrez_tsv			REFS/EntrezGeneId_HugoGeneSymbol_2021-06-01.txt
static	file_loc_defs		_comment	edit the values based on existing/anticipated source file locations, relative to working directory of the script being run
static	file_loc_defs		mafs.header	REFS/maf_KF_CONSENSUS_r105.txt
static	file_loc_defs		dgd_fusion	fusion-dgd.tsv.gz
static	file_loc_defs		dgd_fusion_url	https://d3b-openaccess-us-east-1-prd-pbta.s3.us-east-1.amazonaws.com/open-targets/v15/fusion-dgd.tsv.gz
static	hugo_tsv			REFS/HUGO_2021-06-01_EntrezID.tsv
static	rsem_ref		archive	REFS/healthy_expressions.tar.gz
static	script_dir			scripts/
static	study		_comment	see https://docs.cbioportal.org/5.1-data-loading/data-loading/file-formats#cancer-study for detailed specifics
static	study		reference_genome	hg38
static	threads			40
open_chordoma	cna_flag	open_chordoma_data_processing_config.json		1
chdm_sd_7spqtt8m	cna_flag	chdm_sd_7spqtt8m_data_processing_config.json		1
os_sd_zxjffmef_2015	cna_flag	os_sd_zxjffmef_2015_data_processing_config.json		1
pbta_pnoc	cna_flag	pbta_pnoc_data_processing_config.json		1
data_processing_config	cna_flag	data_processing_config.json		1
pbta_all	cna_flag	pbta_all_data_processing_config.json		1
oligo_nation	cna_flag	oligo_nation_data_processing_config.json		1
chdm_phs001643_2018	cna_flag	chdm_phs001643_2018_data_processing_config.json		1
bllnos_sd_z6mwd3h0_2018	cna_flag	bllnos_sd_z6mwd3h0_2018_data_processing_config.json		1
aml_sd_pet7q6f2_2018	cna_flag	aml_sd_pet7q6f2_2018_data_processing_config.json		0
pbta_mioncoseq	cna_flag	pbta_mioncoseq_data_processing_config.json		1
open_chordoma	rna_flag	open_chordoma_data_processing_config.json		1
chdm_sd_7spqtt8m	rna_flag	chdm_sd_7spqtt8m_data_processing_config.json		1
os_sd_zxjffmef_2015	rna_flag	os_sd_zxjffmef_2015_data_processing_config.json		0
pbta_pnoc	rna_flag	pbta_pnoc_data_processing_config.json		1
data_processing_config	rna_flag	data_processing_config.json		1
pbta_all	rna_flag	pbta_all_data_processing_config.json		1
oligo_nation	rna_flag	oligo_nation_data_processing_config.json		1
chdm_phs001643_2018	rna_flag	chdm_phs001643_2018_data_processing_config.json		1
bllnos_sd_z6mwd3h0_2018	rna_flag	bllnos_sd_z6mwd3h0_2018_data_processing_config.json		0
aml_sd_pet7q6f2_2018	rna_flag	aml_sd_pet7q6f2_2018_data_processing_config.json		1
pbta_mioncoseq	rna_flag	pbta_mioncoseq_data_processing_config.json		1
dgd_non_brain	data_sheets	dgd_non_brain_case_meta_config.json	dtypes.genes	{'cbio_name': 'data_gene_matrix_CHOP.txt', 'meta_file_attr': {'genetic_alteration_type': 'GENE_PANEL_MATRIX', 'datatype': 'GENE_PANEL_MATRIX', 'data_filename': 'data_gene_matrix_CHOP.txt'}}
chdm_phs002301_2021	database_pulls	chdm_phs002301_2021_case_meta_config.json	manifests.chdm_phs002301_2021	{'table': 'bix_genomics_file.sd_q8d06qqh-genomics_file_manifest', 'file_type': ['annotated_public_outputs', 'ctrlfreec_pval', 'ctrlfreec_info', 'ctrlfreec_bam_seg'], 'out_file': 'chdm_phs002301_2021_genomics_file_manifest.txt'}
bllnos_sd_z6mwd3h0_2018	merged_cnvs	bllnos_sd_z6mwd3h0_2018_case_meta_config.json	dtypes.discrete	{'_comment': 'see https://docs.cbioportal.org/5.1-data-loading/data-loading/file-formats#discrete-copy-number-data for detailed specifics', 'ext': 'discrete_cnvs.txt', 'cbio_name': 'data_CNA.txt', 'meta_file_attr': {'stable_id': 'cna', 'profile_name': 'Binned copy-number values', 'profile_description': 'Predicted copy number values from WGS (Discrete). Values: -2 = homozygous deletion; -1 = hemizygous deletion; 0 = neutral / no change; 1 = gain; 2 = high level amplification', 'genetic_alteration_type': 'COPY_NUMBER_ALTERATION', 'datatype': 'DISCRETE', 'show_profile_in_analysis_tab': 'true'}}
chdm_phs001643_2018	merged_cnvs	chdm_phs001643_2018_case_meta_config.json	dtypes.discrete	{'_comment': 'see https://docs.cbioportal.org/5.1-data-loading/data-loading/file-formats#discrete-copy-number-data for detailed specifics', 'ext': 'discrete_cnvs.txt', 'cbio_name': 'data_CNA.txt', 'meta_file_attr': {'stable_id': 'cna', 'profile_name': 'Binned copy-number values', 'profile_description': 'Predicted copy number values from WGS (Discrete). Values: -2 = homozygous deletion; -1 = hemizygous deletion; 0 = neutral / no change; 1 = gain; 2 = high level amplification', 'genetic_alteration_type': 'COPY_NUMBER_ALTERATION', 'datatype': 'DISCRETE', 'show_profile_in_analysis_tab': 'true'}}
chdm_phs002301_2021	merged_cnvs	chdm_phs002301_2021_case_meta_config.json	dtypes.discrete	{'_comment': 'see https://docs.cbioportal.org/5.1-data-loading/data-loading/file-formats#discrete-copy-number-data for detailed specifics', 'ext': 'discrete_cnvs.txt', 'cbio_name': 'data_CNA.txt', 'meta_file_attr': {'stable_id': 'cna', 'profile_name': 'Binned copy-number values', 'profile_description': 'Predicted copy number values from WGS (Discrete). Values: -2 = homozygous deletion; -1 = hemizygous deletion; 0 = neutral / no change; 1 = gain; 2 = high level amplification', 'genetic_alteration_type': 'COPY_NUMBER_ALTERATION', 'datatype': 'DISCRETE', 'show_profile_in_analysis_tab': 'true'}}
chdm_sd_7spqtt8m	merged_cnvs	chdm_sd_7spqtt8m_case_meta_config.json	dtypes.discrete	{'_comment': 'see https://docs.cbioportal.org/5.1-data-loading/data-loading/file-formats#discrete-copy-number-data for detailed specifics', 'ext': 'discrete_cnvs.txt', 'cbio_name': 'data_CNA.txt', 'meta_file_attr': {'stable_id': 'cna', 'profile_name': 'Binned copy-number values', 'profile_description': 'Predicted copy number values from WGS (Discrete). Values: -2 = homozygous deletion; -1 = hemizygous deletion; 0 = neutral / no change; 1 = gain; 2 = high level amplification', 'genetic_alteration_type': 'COPY_NUMBER_ALTERATION', 'datatype': 'DISCRETE', 'show_profile_in_analysis_tab': 'true'}}
open_chordoma	merged_cnvs	open_chordoma_case_meta_config.json	dtypes.discrete	{'_comment': 'see https://docs.cbioportal.org/5.1-data-loading/data-loading/file-formats#discrete-copy-number-data for detailed specifics', 'ext': 'discrete_cnvs.txt', 'cbio_name': 'data_CNA.txt', 'meta_file_attr': {'stable_id': 'cna', 'profile_name': 'Binned copy-number values', 'profile_description': 'Predicted copy number values from WGS (Discrete). Values: -2 = homozygous deletion; -1 = hemizygous deletion; 0 = neutral / no change; 1 = gain; 2 = high level amplification', 'genetic_alteration_type': 'COPY_NUMBER_ALTERATION', 'datatype': 'DISCRETE', 'show_profile_in_analysis_tab': 'true'}}
os_sd_zxjffmef_2015	merged_cnvs	os_sd_zxjffmef_2015_case_meta_config.json	dtypes.discrete	{'_comment': 'see https://docs.cbioportal.org/5.1-data-loading/data-loading/file-formats#discrete-copy-number-data for detailed specifics', 'ext': 'discrete_cnvs.txt', 'cbio_name': 'data_CNA.txt', 'meta_file_attr': {'stable_id': 'cna', 'profile_name': 'Binned copy-number values', 'profile_description': 'Predicted copy number values from WGS (Discrete). Values: -2 = homozygous deletion; -1 = hemizygous deletion; 0 = neutral / no change; 1 = gain; 2 = high level amplification', 'genetic_alteration_type': 'COPY_NUMBER_ALTERATION', 'datatype': 'DISCRETE', 'show_profile_in_analysis_tab': 'true'}}
pbta_all	merged_cnvs	pbta_all_case_meta_config.json	dtypes.discrete	{'_comment': 'see https://docs.cbioportal.org/5.1-data-loading/data-loading/file-formats#discrete-copy-number-data for detailed specifics', 'ext': 'discrete_cnvs.txt', 'cbio_name': 'data_CNA.txt', 'meta_file_attr': {'stable_id': 'cna', 'profile_name': 'Binned copy-number values', 'profile_description': 'Predicted copy number values from WGS (Discrete) and WXS. Values: -2 = homozygous deletion; -1 = hemizygous deletion; 0 = neutral / no change; 1 = gain; 2 = high level amplification', 'genetic_alteration_type': 'COPY_NUMBER_ALTERATION', 'datatype': 'DISCRETE', 'show_profile_in_analysis_tab': 'true'}}
pbta_mioncoseq	merged_cnvs	pbta_mioncoseq_case_meta_config.json	dtypes.discrete	{'_comment': 'see https://docs.cbioportal.org/5.1-data-loading/data-loading/file-formats#discrete-copy-number-data for detailed specifics', 'ext': 'discrete_cnvs.txt', 'cbio_name': 'data_CNA.txt', 'meta_file_attr': {'stable_id': 'cna', 'profile_name': 'Binned copy-number values', 'profile_description': 'Predicted copy number values from WGS (Discrete). Values: -2 = homozygous deletion; -1 = hemizygous deletion; 0 = neutral / no change; 1 = gain; 2 = high level amplification', 'genetic_alteration_type': 'COPY_NUMBER_ALTERATION', 'datatype': 'DISCRETE', 'show_profile_in_analysis_tab': 'true'}}
pbta_pnoc	merged_cnvs	pbta_pnoc_case_meta_config.json	dtypes.discrete	{'_comment': 'see https://docs.cbioportal.org/5.1-data-loading/data-loading/file-formats#discrete-copy-number-data for detailed specifics', 'ext': 'discrete_cnvs.txt', 'cbio_name': 'data_CNA.txt', 'meta_file_attr': {'stable_id': 'cna', 'profile_name': 'Binned copy-number values', 'profile_description': 'Predicted copy number values from WGS (Discrete). Values: -2 = homozygous deletion; -1 = hemizygous deletion; 0 = neutral / no change; 1 = gain; 2 = high level amplification', 'genetic_alteration_type': 'COPY_NUMBER_ALTERATION', 'datatype': 'DISCRETE', 'show_profile_in_analysis_tab': 'true'}}
tll_sd_aq9kvn5p_2019	merged_cnvs	tll_sd_aq9kvn5p_2019_case_meta_config.json	dtypes.discrete	{'_comment': 'see https://docs.cbioportal.org/5.1-data-loading/data-loading/file-formats#discrete-copy-number-data for detailed specifics', 'ext': 'discrete_cnvs.txt', 'cbio_name': 'data_CNA.txt', 'meta_file_attr': {'stable_id': 'cna', 'profile_name': 'Binned copy-number values', 'profile_description': 'Predicted copy number values from WGS (Discrete). Values: -2 = homozygous deletion; -1 = hemizygous deletion; 0 = neutral / no change; 1 = gain; 2 = high level amplification', 'genetic_alteration_type': 'COPY_NUMBER_ALTERATION', 'datatype': 'DISCRETE', 'show_profile_in_analysis_tab': 'true'}}
case_cptac	merged_cnvs	case_cptac_meta_config.json	dtypes.discrete	{'ext': 'discrete_cnvs.txt', 'cbio_name': 'data_CNA.txt', 'meta_file_attr': {'stable_id': 'cna', 'profile_name': 'Binned copy-number values', 'profile_description': 'Predicted copy number values from WGS (Discrete). Values: -2 = homozygous deletion; -1 = hemizygous deletion; 0 = neutral / no change; 1 = gain; 2 = high level amplification', 'genetic_alteration_type': 'COPY_NUMBER_ALTERATION', 'datatype': 'DISCRETE', 'show_profile_in_analysis_tab': 'true'}}
oligo_nation	merged_cnvs	oligo_nation_case_meta_config.json	dtypes.discrete	{'ext': 'discrete_cnvs.txt', 'cbio_name': 'data_CNA.txt', 'meta_file_attr': {'stable_id': 'cna', 'profile_name': 'Binned copy-number values', 'profile_description': 'Predicted copy number values from WGS (Discrete). Values: -2 = homozygous deletion; -1 = hemizygous deletion; 0 = neutral / no change; 1 = gain; 2 = high level amplification', 'genetic_alteration_type': 'COPY_NUMBER_ALTERATION', 'datatype': 'DISCRETE', 'show_profile_in_analysis_tab': 'true'}}
x01_nbl_16_maris	merged_cnvs	x01_nbl_16_maris_case_meta_config.json	dtypes.discrete	{'ext': 'discrete_cnvs.txt', 'cbio_name': 'data_CNA.txt', 'meta_file_attr': {'stable_id': 'cna', 'profile_name': 'Binned copy-number values', 'profile_description': 'Predicted copy number values from WGS (Discrete). Values: -2 = homozygous deletion; -1 = hemizygous deletion; 0 = neutral / no change; 1 = gain; 2 = high level amplification', 'genetic_alteration_type': 'COPY_NUMBER_ALTERATION', 'datatype': 'DISCRETE', 'show_profile_in_analysis_tab': 'true'}}
bllnos_sd_z6mwd3h0_2018	merged_cnvs	bllnos_sd_z6mwd3h0_2018_case_meta_config.json	dtypes.linear	{'_comment': 'see https://docs.cbioportal.org/5.1-data-loading/data-loading/file-formats#continuous-copy-number-data for detailed specifics', 'ext': 'predicted_cnv.txt', 'cbio_name': 'data_linear_CNA.txt', 'meta_file_attr': {'stable_id': 'linear_CNA', 'profile_name': 'copy-number values', 'profile_description': 'Predicted copy number values from WGS (Continuous). Copy number calls obtained using ControlFreeC, filtering calls smaller than 50KB', 'genetic_alteration_type': 'COPY_NUMBER_ALTERATION', 'datatype': 'CONTINUOUS', 'show_profile_in_analysis_tab': 'false'}}
chdm_phs001643_2018	merged_cnvs	chdm_phs001643_2018_case_meta_config.json	dtypes.linear	{'_comment': 'see https://docs.cbioportal.org/5.1-data-loading/data-loading/file-formats#continuous-copy-number-data for detailed specifics', 'ext': 'predicted_cnv.txt', 'cbio_name': 'data_linear_CNA.txt', 'meta_file_attr': {'stable_id': 'linear_CNA', 'profile_name': 'copy-number values', 'profile_description': 'Predicted copy number values from WGS (Continuous). Copy number calls obtained using ControlFreeC, filtering calls with p values less than 0.05', 'genetic_alteration_type': 'COPY_NUMBER_ALTERATION', 'datatype': 'CONTINUOUS', 'show_profile_in_analysis_tab': 'false'}}
chdm_phs002301_2021	merged_cnvs	chdm_phs002301_2021_case_meta_config.json	dtypes.linear	{'_comment': 'see https://docs.cbioportal.org/5.1-data-loading/data-loading/file-formats#continuous-copy-number-data for detailed specifics', 'ext': 'predicted_cnv.txt', 'cbio_name': 'data_linear_CNA.txt', 'meta_file_attr': {'stable_id': 'linear_CNA', 'profile_name': 'copy-number values', 'profile_description': 'Predicted copy number values from WGS (Continuous). Copy number calls obtained using ControlFreeC, filtering calls smaller than 50KB', 'genetic_alteration_type': 'COPY_NUMBER_ALTERATION', 'datatype': 'CONTINUOUS', 'show_profile_in_analysis_tab': 'false'}}
chdm_sd_7spqtt8m	merged_cnvs	chdm_sd_7spqtt8m_case_meta_config.json	dtypes.linear	{'_comment': 'see https://docs.cbioportal.org/5.1-data-loading/data-loading/file-formats#continuous-copy-number-data for detailed specifics', 'ext': 'predicted_cnv.txt', 'cbio_name': 'data_linear_CNA.txt', 'meta_file_attr': {'stable_id': 'linear_CNA', 'profile_name': 'copy-number values', 'profile_description': 'Predicted copy number values from WGS (Continuous). Copy number calls obtained using ControlFreeC, filtering calls with p values less than 0.05', 'genetic_alteration_type': 'COPY_NUMBER_ALTERATION', 'datatype': 'CONTINUOUS', 'show_profile_in_analysis_tab': 'false'}}
open_chordoma	merged_cnvs	open_chordoma_case_meta_config.json	dtypes.linear	{'_comment': 'see https://docs.cbioportal.org/5.1-data-loading/data-loading/file-formats#continuous-copy-number-data for detailed specifics', 'ext': 'predicted_cnv.txt', 'cbio_name': 'data_linear_CNA.txt', 'meta_file_attr': {'stable_id': 'linear_CNA', 'profile_name': 'copy-number values', 'profile_description': 'Predicted copy number values from WGS (Continuous). Copy number calls obtained using ControlFreeC, filtering calls with p values less than 0.05', 'genetic_alteration_type': 'COPY_NUMBER_ALTERATION', 'datatype': 'CONTINUOUS', 'show_profile_in_analysis_tab': 'false'}}
os_sd_zxjffmef_2015	merged_cnvs	os_sd_zxjffmef_2015_case_meta_config.json	dtypes.linear	{'_comment': 'see https://docs.cbioportal.org/5.1-data-loading/data-loading/file-formats#continuous-copy-number-data for detailed specifics', 'ext': 'predicted_cnv.txt', 'cbio_name': 'data_linear_CNA.txt', 'meta_file_attr': {'stable_id': 'linear_CNA', 'profile_name': 'copy-number values', 'profile_description': 'Predicted copy number values from WGS (Continuous). Copy number calls obtained using ControlFreeC, filtering calls smaller than 50KB', 'genetic_alteration_type': 'COPY_NUMBER_ALTERATION', 'datatype': 'CONTINUOUS', 'show_profile_in_analysis_tab': 'false'}}
pbta_all	merged_cnvs	pbta_all_case_meta_config.json	dtypes.linear	{'_comment': 'see https://docs.cbioportal.org/5.1-data-loading/data-loading/file-formats#continuous-copy-number-data for detailed specifics', 'ext': 'predicted_cnv.txt', 'cbio_name': 'data_linear_CNA.txt', 'meta_file_attr': {'stable_id': 'linear_CNA', 'profile_name': 'copy-number values', 'profile_description': 'Predicted copy number values from WGS (Continuous) and WXS. Copy number calls obtained using ControlFreeC, filtering calls with p values less than 0.05', 'genetic_alteration_type': 'COPY_NUMBER_ALTERATION', 'datatype': 'CONTINUOUS', 'show_profile_in_analysis_tab': 'false'}}
pbta_mioncoseq	merged_cnvs	pbta_mioncoseq_case_meta_config.json	dtypes.linear	{'_comment': 'see https://docs.cbioportal.org/5.1-data-loading/data-loading/file-formats#continuous-copy-number-data for detailed specifics', 'ext': 'predicted_cnv.txt', 'cbio_name': 'data_linear_CNA.txt', 'meta_file_attr': {'stable_id': 'linear_CNA', 'profile_name': 'copy-number values', 'profile_description': 'Predicted copy number values from WGS (Continuous). Copy number calls obtained using ControlFreeC, filtering calls with p values less than 0.05', 'genetic_alteration_type': 'COPY_NUMBER_ALTERATION', 'datatype': 'CONTINUOUS', 'show_profile_in_analysis_tab': 'false'}}
pbta_pnoc	merged_cnvs	pbta_pnoc_case_meta_config.json	dtypes.linear	{'_comment': 'see https://docs.cbioportal.org/5.1-data-loading/data-loading/file-formats#continuous-copy-number-data for detailed specifics', 'ext': 'predicted_cnv.txt', 'cbio_name': 'data_linear_CNA.txt', 'meta_file_attr': {'stable_id': 'linear_CNA', 'profile_name': 'copy-number values', 'profile_description': 'Predicted copy number values from WGS (Continuous). Copy number calls obtained using ControlFreeC, filtering calls with p values less than 0.05', 'genetic_alteration_type': 'COPY_NUMBER_ALTERATION', 'datatype': 'CONTINUOUS', 'show_profile_in_analysis_tab': 'false'}}
tll_sd_aq9kvn5p_2019	merged_cnvs	tll_sd_aq9kvn5p_2019_case_meta_config.json	dtypes.linear	{'_comment': 'see https://docs.cbioportal.org/5.1-data-loading/data-loading/file-formats#continuous-copy-number-data for detailed specifics', 'ext': 'predicted_cnv.txt', 'cbio_name': 'data_linear_CNA.txt', 'meta_file_attr': {'stable_id': 'linear_CNA', 'profile_name': 'copy-number values', 'profile_description': 'Predicted copy number values from WGS (Continuous). Copy number calls obtained using ControlFreeC, filtering calls smaller than 50KB', 'genetic_alteration_type': 'COPY_NUMBER_ALTERATION', 'datatype': 'CONTINUOUS', 'show_profile_in_analysis_tab': 'false'}}
case_cptac	merged_cnvs	case_cptac_meta_config.json	dtypes.linear	{'ext': 'predicted_cnv.txt', 'cbio_name': 'data_linear_CNA.txt', 'meta_file_attr': {'stable_id': 'linear_CNA', 'profile_name': 'copy-number values', 'profile_description': 'Predicted copy number values from WGS (Continuous). Copy number calls obtained using ControlFreeC, filtering calls smaller than 50KB', 'genetic_alteration_type': 'COPY_NUMBER_ALTERATION', 'datatype': 'CONTINUOUS', 'show_profile_in_analysis_tab': 'false'}}
oligo_nation	merged_cnvs	oligo_nation_case_meta_config.json	dtypes.linear	{'ext': 'predicted_cnv.txt', 'cbio_name': 'data_linear_CNA.txt', 'meta_file_attr': {'stable_id': 'linear_CNA', 'profile_name': 'copy-number values', 'profile_description': 'Predicted copy number values from WGS (Continuous). Copy number calls obtained using ControlFreeC, filtering calls with p values less than 0.05', 'genetic_alteration_type': 'COPY_NUMBER_ALTERATION', 'datatype': 'CONTINUOUS', 'show_profile_in_analysis_tab': 'false'}}
x01_nbl_16_maris	merged_cnvs	x01_nbl_16_maris_case_meta_config.json	dtypes.linear	{'ext': 'predicted_cnv.txt', 'cbio_name': 'data_linear_CNA.txt', 'meta_file_attr': {'stable_id': 'linear_CNA', 'profile_name': 'copy-number values', 'profile_description': 'Predicted copy number values from WGS (Continuous). Copy number calls obtained using ControlFreeC, filtering calls smaller than 50KB', 'genetic_alteration_type': 'COPY_NUMBER_ALTERATION', 'datatype': 'CONTINUOUS', 'show_profile_in_analysis_tab': 'false'}}
pbta_all	merged_cnvs	pbta_all_case_meta_config.json	dtypes.segment	{'_comment': 'see https://docs.cbioportal.org/5.1-data-loading/data-loading/file-formats#segmented-data for detailed specifics', 'ext': 'merged_seg.txt', 'cbio_name': 'data_cna.seg.txt', 'meta_file_attr': {'description': 'Somatic CNA data (copy number ratio from tumor samples minus ratio from matched normals)', 'genetic_alteration_type': 'COPY_NUMBER_ALTERATION', 'datatype': 'SEG', 'reference_genome_id': 'hg38'}}
pbta_mioncoseq	merged_cnvs	pbta_mioncoseq_case_meta_config.json	dtypes.segment	{'_comment': 'see https://docs.cbioportal.org/5.1-data-loading/data-loading/file-formats#segmented-data for detailed specifics', 'ext': 'merged_seg.txt', 'cbio_name': 'data_cna.seg.txt', 'meta_file_attr': {'description': 'Somatic CNA data (copy number ratio from tumor samples minus ratio from matched normals)', 'genetic_alteration_type': 'COPY_NUMBER_ALTERATION', 'datatype': 'SEG', 'reference_genome_id': 'hg38'}}
pbta_pnoc	merged_cnvs	pbta_pnoc_case_meta_config.json	dtypes.segment	{'_comment': 'see https://docs.cbioportal.org/5.1-data-loading/data-loading/file-formats#segmented-data for detailed specifics', 'ext': 'merged_seg.txt', 'cbio_name': 'data_cna.seg.txt', 'meta_file_attr': {'description': 'Somatic CNA data (copy number ratio from tumor samples minus ratio from matched normals)', 'genetic_alteration_type': 'COPY_NUMBER_ALTERATION', 'datatype': 'SEG', 'reference_genome_id': 'hg38'}}
tll_sd_aq9kvn5p_2019	merged_cnvs	tll_sd_aq9kvn5p_2019_case_meta_config.json	dtypes.segment	{'_comment': 'see https://docs.cbioportal.org/5.1-data-loading/data-loading/file-formats#segmented-data for detailed specifics', 'ext': 'merged_seg.txt', 'cbio_name': 'data_cna.seg.txt', 'meta_file_attr': {'description': 'Somatic CNA data (copy number ratio from tumor samples minus ratio from matched normals)', 'genetic_alteration_type': 'COPY_NUMBER_ALTERATION', 'datatype': 'SEG', 'reference_genome_id': 'hg38'}}
bllnos_sd_z6mwd3h0_2018	merged_cnvs	bllnos_sd_z6mwd3h0_2018_case_meta_config.json	dtypes.segment	{'_comment': 'see https://docs.cbioportal.org/5.1-data-loading/data-loading/file-formats#segmented-data for detailed specifics', 'ext': 'merged_seg.txt', 'cbio_name': 'data_cna.seg.txt', 'meta_file_attr': {'description': 'Tumor/model-only CNA data (with the exception of some paired T/N)', 'genetic_alteration_type': 'COPY_NUMBER_ALTERATION', 'datatype': 'SEG', 'reference_genome_id': 'hg38'}}
chdm_phs001643_2018	merged_cnvs	chdm_phs001643_2018_case_meta_config.json	dtypes.segment	{'_comment': 'see https://docs.cbioportal.org/5.1-data-loading/data-loading/file-formats#segmented-data for detailed specifics', 'ext': 'merged_seg.txt', 'cbio_name': 'data_cna.seg.txt', 'meta_file_attr': {'description': 'Tumor/model-only CNA data (with the exception of some paired T/N)', 'genetic_alteration_type': 'COPY_NUMBER_ALTERATION', 'datatype': 'SEG', 'reference_genome_id': 'hg38'}}
chdm_phs002301_2021	merged_cnvs	chdm_phs002301_2021_case_meta_config.json	dtypes.segment	{'_comment': 'see https://docs.cbioportal.org/5.1-data-loading/data-loading/file-formats#segmented-data for detailed specifics', 'ext': 'merged_seg.txt', 'cbio_name': 'data_cna.seg.txt', 'meta_file_attr': {'description': 'Tumor/model-only CNA data (with the exception of some paired T/N)', 'genetic_alteration_type': 'COPY_NUMBER_ALTERATION', 'datatype': 'SEG', 'reference_genome_id': 'hg38'}}
chdm_sd_7spqtt8m	merged_cnvs	chdm_sd_7spqtt8m_case_meta_config.json	dtypes.segment	{'_comment': 'see https://docs.cbioportal.org/5.1-data-loading/data-loading/file-formats#segmented-data for detailed specifics', 'ext': 'merged_seg.txt', 'cbio_name': 'data_cna.seg.txt', 'meta_file_attr': {'description': 'Tumor/model-only CNA data (with the exception of some paired T/N)', 'genetic_alteration_type': 'COPY_NUMBER_ALTERATION', 'datatype': 'SEG', 'reference_genome_id': 'hg38'}}
open_chordoma	merged_cnvs	open_chordoma_case_meta_config.json	dtypes.segment	{'_comment': 'see https://docs.cbioportal.org/5.1-data-loading/data-loading/file-formats#segmented-data for detailed specifics', 'ext': 'merged_seg.txt', 'cbio_name': 'data_cna.seg.txt', 'meta_file_attr': {'description': 'Tumor/model-only CNA data (with the exception of some paired T/N)', 'genetic_alteration_type': 'COPY_NUMBER_ALTERATION', 'datatype': 'SEG', 'reference_genome_id': 'hg38'}}
os_sd_zxjffmef_2015	merged_cnvs	os_sd_zxjffmef_2015_case_meta_config.json	dtypes.segment	{'_comment': 'see https://docs.cbioportal.org/5.1-data-loading/data-loading/file-formats#segmented-data for detailed specifics', 'ext': 'merged_seg.txt', 'cbio_name': 'data_cna.seg.txt', 'meta_file_attr': {'description': 'Tumor/model-only CNA data (with the exception of some paired T/N)', 'genetic_alteration_type': 'COPY_NUMBER_ALTERATION', 'datatype': 'SEG', 'reference_genome_id': 'hg38'}}
oligo_nation	merged_cnvs	oligo_nation_case_meta_config.json	dtypes.segment	{'ext': 'merged_seg.txt', 'cbio_name': 'data_cna.seg.txt', 'meta_file_attr': {'description': 'Somatic CNA data (copy number ratio from tumor samples minus ratio from matched normals)', 'genetic_alteration_type': 'COPY_NUMBER_ALTERATION', 'datatype': 'SEG', 'reference_genome_id': 'hg38'}}
x01_nbl_16_maris	merged_cnvs	x01_nbl_16_maris_case_meta_config.json	dtypes.segment	{'ext': 'merged_seg.txt', 'cbio_name': 'data_cna.seg.txt', 'meta_file_attr': {'description': 'Somatic CNA data (copy number ratio from tumor samples minus ratio from matched normals)', 'genetic_alteration_type': 'COPY_NUMBER_ALTERATION', 'datatype': 'SEG', 'reference_genome_id': 'hg38'}}
fusion_etl_file_type_only	merged_fusion		_comment	see https://docs.cbioportal.org/file-formats/#structural-variant-data for detailed specifics
dgd_non_brain	merged_fusion	dgd_non_brain_case_meta_config.json	dtypes.fusion	{'ext': 'fusions.txt', 'cbio_name': 'data_fusions.txt', 'meta_file_attr': {'stable_id': 'fusion', 'profile_name': 'Predicted RNA fusions', 'profile_description': 'DGD custom filtered fusions', 'genetic_alteration_type': 'FUSION', 'datatype': 'FUSION', 'show_profile_in_analysis_tab': 'true'}}
case_cptac	merged_fusion	case_cptac_meta_config.json	dtypes.fusion	{'ext': 'fusions.txt', 'cbio_name': 'data_fusions.txt', 'meta_file_attr': {'stable_id': 'fusion', 'profile_name': 'Predicted RNA fusions', 'profile_description': 'Fusion data, from openPBTA using arriba and STAR Fusion, annotated and filtered using annoFuse', 'genetic_alteration_type': 'FUSION', 'datatype': 'FUSION', 'show_profile_in_analysis_tab': 'true'}}
chdm_phs001643_2018	merged_fusion	chdm_phs001643_2018_case_meta_config.json	dtypes.fusion	{'ext': 'fusions.txt', 'cbio_name': 'data_sv.txt', 'meta_file_attr': {'stable_id': 'structural_variants', 'profile_name': 'Predicted RNA fusions', 'profile_description': 'Chordoma fusion data using arriba and STAR Fusion, annotated and filtered using annoFuse.', 'genetic_alteration_type': 'STRUCTURAL_VARIANT', 'datatype': 'SV', 'show_profile_in_analysis_tab': 'true'}}
chdm_sd_7spqtt8m	merged_fusion	chdm_sd_7spqtt8m_case_meta_config.json	dtypes.fusion	{'ext': 'fusions.txt', 'cbio_name': 'data_sv.txt', 'meta_file_attr': {'stable_id': 'structural_variants', 'profile_name': 'Predicted RNA fusions', 'profile_description': 'Chordoma fusion data using arriba and STAR Fusion, annotated and filtered using annoFuse.', 'genetic_alteration_type': 'STRUCTURAL_VARIANT', 'datatype': 'SV', 'show_profile_in_analysis_tab': 'true'}}
oligo_nation	merged_fusion	oligo_nation_case_meta_config.json	dtypes.fusion	{'ext': 'fusions.txt', 'cbio_name': 'data_sv.txt', 'meta_file_attr': {'stable_id': 'structural_variants', 'profile_name': 'Predicted RNA fusions', 'profile_description': 'Fusion data using arriba and STAR Fusion, annotated and filtered using annoFuse.', 'genetic_alteration_type': 'STRUCTURAL_VARIANT', 'datatype': 'SV', 'show_profile_in_analysis_tab': 'true'}}
open_chordoma	merged_fusion	open_chordoma_case_meta_config.json	dtypes.fusion	{'ext': 'fusions.txt', 'cbio_name': 'data_sv.txt', 'meta_file_attr': {'stable_id': 'structural_variants', 'profile_name': 'Predicted RNA fusions', 'profile_description': 'Fusion data using arriba and STAR Fusion, annotated and filtered using annoFuse.', 'genetic_alteration_type': 'STRUCTURAL_VARIANT', 'datatype': 'SV', 'show_profile_in_analysis_tab': 'true'}}
x01_nbl_16_maris	merged_fusion	x01_nbl_16_maris_case_meta_config.json	dtypes.fusion	{'ext': 'fusions.txt', 'cbio_name': 'data_sv.txt', 'meta_file_attr': {'stable_id': 'structural_variants', 'profile_name': 'Predicted RNA fusions', 'profile_description': 'Fusion data using arriba and STAR Fusion, annotated and filtered using annoFuse.', 'genetic_alteration_type': 'STRUCTURAL_VARIANT', 'datatype': 'SV', 'show_profile_in_analysis_tab': 'true'}}
aml_sd_pet7q6f2_2018	merged_fusion	aml_sd_pet7q6f2_2018_case_meta_config.json	dtypes.fusion	{'ext': 'fusions.txt', 'cbio_name': 'data_sv.txt', 'meta_file_attr': {'stable_id': 'structural_variants', 'profile_name': 'Predicted RNA fusions', 'profile_description': 'Fusion data using arriba and STAR Fusion, annotated and filtered using annoFuse', 'genetic_alteration_type': 'STRUCTURAL_VARIANT', 'datatype': 'SV', 'show_profile_in_analysis_tab': 'true'}}
pbta_all	merged_fusion	pbta_all_case_meta_config.json	dtypes.fusion	{'ext': 'fusions.txt', 'cbio_name': 'data_sv.txt', 'meta_file_attr': {'stable_id': 'structural_variants', 'profile_name': 'Predicted RNA fusions', 'profile_description': 'PBTA fusion data using arriba and STAR Fusion, annotated and filtered using annoFuse. Also contains DGD custom filtered fusions', 'genetic_alteration_type': 'STRUCTURAL_VARIANT', 'datatype': 'SV', 'show_profile_in_analysis_tab': 'true'}}
pbta_mioncoseq	merged_fusion	pbta_mioncoseq_case_meta_config.json	dtypes.fusion	{'ext': 'fusions.txt', 'cbio_name': 'data_sv.txt', 'meta_file_attr': {'stable_id': 'structural_variants', 'profile_name': 'Predicted RNA fusions', 'profile_description': 'PBTA fusion data using arriba and STAR Fusion, annotated and filtered using annoFuse. Also contains DGD custom filtered fusions', 'genetic_alteration_type': 'STRUCTURAL_VARIANT', 'datatype': 'SV', 'show_profile_in_analysis_tab': 'true'}}
tll_sd_aq9kvn5p_2019	merged_fusion	tll_sd_aq9kvn5p_2019_case_meta_config.json	dtypes.fusion	{'ext': 'fusions.txt', 'cbio_name': 'data_sv.txt', 'meta_file_attr': {'stable_id': 'structural_variants', 'profile_name': 'Predicted RNA fusions', 'profile_description': 'PBTA fusion data using arriba and STAR Fusion, annotated and filtered using annoFuse. Also contains DGD custom filtered fusions', 'genetic_alteration_type': 'STRUCTURAL_VARIANT', 'datatype': 'SV', 'show_profile_in_analysis_tab': 'true'}}
pbta_pnoc	merged_fusion	pbta_pnoc_case_meta_config.json	dtypes.fusion	{'ext': 'fusions.txt', 'cbio_name': 'data_sv.txt', 'meta_file_attr': {'stable_id': 'structural_variants', 'profile_name': 'Predicted RNA fusions', 'profile_description': 'PNOC fusion data using arriba and STAR Fusion, annotated and filtered using annoFuse.', 'genetic_alteration_type': 'STRUCTURAL_VARIANT', 'datatype': 'SV', 'show_profile_in_analysis_tab': 'true'}}
maf_etl_file_type_only	merged_mafs		_comment	See https://docs.cbioportal.org/5.1-data-loading/data-loading/file-formats#mutation-data for detailed specifics
case_cptac	merged_mafs	case_cptac_meta_config.json	dtypes.mutation	{'ext': 'maf', 'cbio_name': 'data_mutations_extended.txt', 'meta_file_attr': {'stable_id': 'mutations', 'profile_name': 'Mutations', 'profile_description': 'Consensus calls from strelka2, mutect2, lancet, and VarDict Java. Two or more callers required to pass', 'genetic_alteration_type': 'MUTATION_EXTENDED', 'datatype': 'MAF', 'show_profile_in_analysis_tab': 'true'}}
oligo_nation	merged_mafs	oligo_nation_case_meta_config.json	dtypes.mutation	{'ext': 'maf', 'cbio_name': 'data_mutations_extended.txt', 'meta_file_attr': {'stable_id': 'mutations', 'profile_name': 'Mutations', 'profile_description': 'Consensus calls from strelka2, mutect2, lancet, and VarDict Java. Two or more callers required to pass, < 0.001 frequency in gnomAD, and min read depth 8 in normal sample, unless in a TERT promoter region or in a hotspot region (see https://www.cancerhotspots.org)', 'genetic_alteration_type': 'MUTATION_EXTENDED', 'datatype': 'MAF', 'variant_classification_filter': "Silent,Intron,3'UTR,3'Flank,5'UTR,IGR,RNA", 'show_profile_in_analysis_tab': 'true'}}
x01_nbl_16_maris	merged_mafs	x01_nbl_16_maris_case_meta_config.json	dtypes.mutation	{'ext': 'maf', 'cbio_name': 'data_mutations_extended.txt', 'meta_file_attr': {'stable_id': 'mutations', 'profile_name': 'Mutations', 'profile_description': 'Consensus calls from strelka2, mutect2, lancet, and VarDict Java. Two or more callers required to pass. Two or more callers required to pass, < 0.001 frequency in gnomAD, and min read depth 8 in normal sample, unless in a TERT promoter region or in a hotspot region (see https://www.cancerhotspots.org)', 'genetic_alteration_type': 'MUTATION_EXTENDED', 'datatype': 'MAF', 'variant_classification_filter': "Silent,Intron,3'UTR,3'Flank,5'UTR,IGR,RNA", 'show_profile_in_analysis_tab': 'true'}}
dgd_non_brain	merged_mafs	dgd_non_brain_case_meta_config.json	dtypes.mutation	{'ext': 'maf', 'cbio_name': 'data_mutations_extended.txt', 'meta_file_attr': {'stable_id': 'mutations', 'profile_name': 'Mutations', 'profile_description': 'DGD custom filtered calls', 'genetic_alteration_type': 'MUTATION_EXTENDED', 'datatype': 'MAF', 'variant_classification_filter': "Silent,Intron,3'UTR,3'Flank,5'UTR,IGR,RNA", 'show_profile_in_analysis_tab': 'true'}}
bllnos_sd_z6mwd3h0_2018	merged_mafs	bllnos_sd_z6mwd3h0_2018_case_meta_config.json	dtypes.mutation	{'ext': 'maf', 'cbio_name': 'data_mutations_extended.txt', 'meta_file_attr': {'stable_id': 'mutations', 'profile_name': 'Mutations', 'profile_description': 'For matched T/N sample: consensus calls from strelka2, mutect2, lancet, and VarDict Java. Two or more callers required to pass, < 0.001 frequency in gnomAD, and min read depth 8 in normal sample, unless in a TERT promoter region or in a hotspot region (see https://www.cancerhotspots.org). For tumor/model-only, mutect2 calls with < 0.001 frequency in gnomAD, unless in a hotspot region', 'genetic_alteration_type': 'MUTATION_EXTENDED', 'datatype': 'MAF', 'variant_classification_filter': "Silent,Intron,3'UTR,3'Flank,5'UTR,IGR,RNA", 'show_profile_in_analysis_tab': 'true'}}
chdm_phs001643_2018	merged_mafs	chdm_phs001643_2018_case_meta_config.json	dtypes.mutation	{'ext': 'maf', 'cbio_name': 'data_mutations_extended.txt', 'meta_file_attr': {'stable_id': 'mutations', 'profile_name': 'Mutations', 'profile_description': 'For matched T/N sample: consensus calls from strelka2, mutect2, lancet, and VarDict Java. Two or more callers required to pass, < 0.001 frequency in gnomAD, and min read depth 8 in normal sample, unless in a TERT promoter region or in a hotspot region (see https://www.cancerhotspots.org). For tumor/model-only, mutect2 calls with < 0.001 frequency in gnomAD, unless in a hotspot region', 'genetic_alteration_type': 'MUTATION_EXTENDED', 'datatype': 'MAF', 'variant_classification_filter': "Silent,Intron,3'UTR,3'Flank,5'UTR,IGR,RNA", 'show_profile_in_analysis_tab': 'true'}}
chdm_phs002301_2021	merged_mafs	chdm_phs002301_2021_case_meta_config.json	dtypes.mutation	Input --study parameter
chdm_sd_7spqtt8m	merged_mafs	chdm_sd_7spqtt8m_case_meta_config.json	dtypes.mutation	{'ext': 'maf', 'cbio_name': 'data_mutations_extended.txt', 'meta_file_attr': {'stable_id': 'mutations', 'profile_name': 'Mutations', 'profile_description': 'For matched T/N sample: consensus calls from strelka2, mutect2, lancet, and VarDict Java. Two or more callers required to pass, < 0.001 frequency in gnomAD, and min read depth 8 in normal sample, unless in a TERT promoter region or in a hotspot region (see https://www.cancerhotspots.org). For tumor/model-only, mutect2 calls with < 0.001 frequency in gnomAD, unless in a hotspot region', 'genetic_alteration_type': 'MUTATION_EXTENDED', 'datatype': 'MAF', 'variant_classification_filter': "Silent,Intron,3'UTR,3'Flank,5'UTR,IGR,RNA", 'show_profile_in_analysis_tab': 'true'}}
open_chordoma	merged_mafs	open_chordoma_case_meta_config.json	dtypes.mutation	{'ext': 'maf', 'cbio_name': 'data_mutations_extended.txt', 'meta_file_attr': {'stable_id': 'mutations', 'profile_name': 'Mutations', 'profile_description': 'For matched T/N sample: consensus calls from strelka2, mutect2, lancet, and VarDict Java. Two or more callers required to pass, < 0.001 frequency in gnomAD, and min read depth 8 in normal sample, unless in a TERT promoter region or in a hotspot region (see https://www.cancerhotspots.org). For tumor/model-only, mutect2 calls with < 0.001 frequency in gnomAD, unless in a hotspot region', 'genetic_alteration_type': 'MUTATION_EXTENDED', 'datatype': 'MAF', 'variant_classification_filter': "Silent,Intron,3'UTR,3'Flank,5'UTR,IGR,RNA", 'show_profile_in_analysis_tab': 'true'}}
os_sd_zxjffmef_2015	merged_mafs	os_sd_zxjffmef_2015_case_meta_config.json	dtypes.mutation	{'ext': 'maf', 'cbio_name': 'data_mutations_extended.txt', 'meta_file_attr': {'stable_id': 'mutations', 'profile_name': 'Mutations', 'profile_description': 'For matched T/N sample: consensus calls from strelka2, mutect2, lancet, and VarDict Java. Two or more callers required to pass, < 0.001 frequency in gnomAD, and min read depth 8 in normal sample, unless in a TERT promoter region or in a hotspot region (see https://www.cancerhotspots.org). For tumor/model-only, mutect2 calls with < 0.001 frequency in gnomAD, unless in a hotspot region', 'genetic_alteration_type': 'MUTATION_EXTENDED', 'datatype': 'MAF', 'variant_classification_filter': "Silent,Intron,3'UTR,3'Flank,5'UTR,IGR,RNA", 'show_profile_in_analysis_tab': 'true'}}
pbta_all	merged_mafs	pbta_all_case_meta_config.json	dtypes.mutation	{'ext': 'maf', 'cbio_name': 'data_mutations_extended.txt', 'meta_file_attr': {'stable_id': 'mutations', 'profile_name': 'Mutations', 'profile_description': 'PBTA consensus calls from strelka2, mutect2, lancet, and VarDict Java. Two or more callers required to pass, < 0.001 frequency in gnomAD, and min read depth 8 in normal sample, unless in a TERT promoter region or in a hotspot region (see https://www.cancerhotspots.org)', 'genetic_alteration_type': 'MUTATION_EXTENDED', 'datatype': 'MAF', 'variant_classification_filter': "Silent,Intron,3'UTR,3'Flank,5'UTR,IGR,RNA", 'show_profile_in_analysis_tab': 'true'}}
pbta_mioncoseq	merged_mafs	pbta_mioncoseq_case_meta_config.json	dtypes.mutation	{'ext': 'maf', 'cbio_name': 'data_mutations_extended.txt', 'meta_file_attr': {'stable_id': 'mutations', 'profile_name': 'Mutations', 'profile_description': 'PBTA consensus calls from strelka2, mutect2, lancet, and VarDict Java. Two or more callers required to pass, < 0.001 frequency in gnomAD, and min read depth 8 in normal sample, unless in a TERT promoter region or in a hotspot region (see https://www.cancerhotspots.org)', 'genetic_alteration_type': 'MUTATION_EXTENDED', 'datatype': 'MAF', 'variant_classification_filter': "Silent,Intron,3'UTR,3'Flank,5'UTR,IGR,RNA", 'show_profile_in_analysis_tab': 'true'}}
tll_sd_aq9kvn5p_2019	merged_mafs	tll_sd_aq9kvn5p_2019_case_meta_config.json	dtypes.mutation	{'ext': 'maf', 'cbio_name': 'data_mutations_extended.txt', 'meta_file_attr': {'stable_id': 'mutations', 'profile_name': 'Mutations', 'profile_description': 'PBTA consensus calls from strelka2, mutect2, lancet, and VarDict Java. Two or more callers required to pass, < 0.001 frequency in gnomAD, and min read depth 8 in normal sample, unless in a TERT promoter region or in a hotspot region (see https://www.cancerhotspots.org)', 'genetic_alteration_type': 'MUTATION_EXTENDED', 'datatype': 'MAF', 'variant_classification_filter': "Silent,Intron,3'UTR,3'Flank,5'UTR,IGR,RNA", 'show_profile_in_analysis_tab': 'true'}}
pbta_pnoc	merged_mafs	pbta_pnoc_case_meta_config.json	dtypes.mutation	{'ext': 'maf', 'cbio_name': 'data_mutations_extended.txt', 'meta_file_attr': {'stable_id': 'mutations', 'profile_name': 'Mutations', 'profile_description': 'PNOC consensus calls from strelka2, mutect2, lancet, and VarDict Java. Two or more callers required to pass, < 0.001 frequency in gnomAD, and min read depth 8 in normal sample, unless in a TERT promoter region or in a hotspot region (see https://www.cancerhotspots.org)', 'genetic_alteration_type': 'MUTATION_EXTENDED', 'datatype': 'MAF', 'variant_classification_filter': "Silent,Intron,3'UTR,3'Flank,5'UTR,IGR,RNA", 'show_profile_in_analysis_tab': 'true'}}
rsem_etl_file_type_only	merged_rsem		_comment	see https://docs.cbioportal.org/5.1-data-loading/data-loading/file-formats#expression-data for detailed specifics
rsem_etl_file_type_only	merged_rsem		dtypes.counts_fpkm	{"ext": "rsem_merged.FPKM.txt", "cbio_name": "data_rna_seq_v2_mrna.txt", "meta_file_attr": {"stable_id": "rna_seq_v2_mrna", "profile_name": "RNA expression", "profile_description": "Expression levels from RNA-Seq (rsem FPKM).", "genetic_alteration_type": "MRNA_EXPRESSION", "datatype": "CONTINUOUS", "show_profile_in_analysis_tab": "false"}}
rsem_etl_file_type_only	merged_rsem		dtypes.counts_tpm	{"ext": "rsem_merged.TPM.txt", "cbio_name": "data_rna_seq_v2_mrna.txt", "meta_file_attr": {"stable_id": "rna_seq_v2_mrna", "profile_name": "RNA expression", "profile_description": "Expression levels from RNA-Seq (rsem TPM).", "genetic_alteration_type": "MRNA_EXPRESSION", "datatype": "CONTINUOUS", "show_profile_in_analysis_tab": "false"}}
rsem_etl_file_type_only	merged_rsem		dtypes.zscore_vs_healthy_fpkm	{"ext": "rsem_merged_vs_healthy_zscore_FPKM.txt", "cbio_name": "data_rna_seq_v2_mrna_median_Zscores_vs_healthy_FPKM.txt", "meta_file_attr": {"stable_id": "rna_seq_v2_mrna_median_normals_Zscores", "profile_name": "RNA expression z-scores vs healthy", "profile_description": "Expression levels from RNA-Seq, Z scores of log2(FPKM + 1) values vs healthy reference. Z-scores are normalized by RNA library type when possible. Healthy polyA dataset from GTEx (20-29yo) and healthy totalRNA dataset from GEO accessions GSE221179 and GSE102741", "genetic_alteration_type": "MRNA_EXPRESSION", "datatype": "Z-SCORE", "show_profile_in_analysis_tab": "true", "source_stable_id": "rna_seq_v2_mrna"}}
rsem_etl_file_type_only	merged_rsem		dtypes.zscore_vs_healthy_tpm	{"ext": "rsem_merged_vs_healthy_zscore_TPM.txt", "cbio_name": "data_rna_seq_v2_mrna_median_Zscores_vs_healthy_TPM.txt", "meta_file_attr": {"stable_id": "rna_seq_v2_mrna_median_normals_Zscores", "profile_name": "RNA expression z-scores vs healthy", "profile_description": "Expression levels from RNA-Seq, Z scores of log2(TPM + 1) values vs healthy reference. Z-scores are normalized by RNA library type when possible. Healthy polyA dataset from GTEx (20-29yo) and healthy totalRNA dataset from GEO accessions GSE221179 and GSE102741", "genetic_alteration_type": "MRNA_EXPRESSION", "datatype": "Z-SCORE", "show_profile_in_analysis_tab": "false", "source_stable_id": "rna_seq_v2_mrna"}}
rsem_etl_file_type_only	merged_rsem		dtypes.zscore_tumor_only_fpkm	{"ext": "rsem_merged_tumor_only_zscore_FPKM.txt", "cbio_name": "data_rna_seq_v2_mrna_median_Zscores_tumor_only_FPKM.txt", "meta_file_attr": {"stable_id": "rna_seq_v2_mrna_median_Zscores", "profile_name": "RNA expression z-scores (tumor only)", "profile_description": "Expression levels from RNA-Seq, Z scores of log2(FPKM + 1) values within tumor cohort. Z-scores are normalized by RNA library type when possible.", "genetic_alteration_type": "MRNA_EXPRESSION", "datatype": "Z-SCORE", "show_profile_in_analysis_tab": "true", "source_stable_id": "rna_seq_v2_mrna"}}
rsem_etl_file_type_only	merged_rsem		dtypes.zscore_tumor_only_tpm	{"ext": "rsem_merged_tumor_only_zscore_TPM.txt", "cbio_name": "data_rna_seq_v2_mrna_median_Zscores_tumor_only_TPM.txt", "meta_file_attr": {"stable_id": "rna_seq_v2_mrna_median_Zscores", "profile_name": "RNA expression z-scores (tumor only)", "profile_description": "Expression levels from RNA-Seq, Z scores of log2(TPM + 1) values within tumor cohort. Z-scores are normalized by RNA library type when possible.", "genetic_alteration_type": "MRNA_EXPRESSION", "datatype": "Z-SCORE", "show_profile_in_analysis_tab": "true", "source_stable_id": "rna_seq_v2_mrna"}}
aml_sd_pet7q6f2_2018	study	aml_sd_pet7q6f2_2018_case_meta_config.json	cancer_study_identifier	aml_sd_pet7q6f2_2018
bllnos_sd_z6mwd3h0_2018	study	bllnos_sd_z6mwd3h0_2018_case_meta_config.json	cancer_study_identifier	bllnos_sd_z6mwd3h0_2018
chdm_phs001643_2018	study	chdm_phs001643_2018_case_meta_config.json	cancer_study_identifier	chdm_phs001643_2018
chdm_phs002301_2021	study	chdm_phs002301_2021_case_meta_config.json	cancer_study_identifier	chdm_phs002301_2021
chdm_sd_7spqtt8m	study	chdm_sd_7spqtt8m_case_meta_config.json	cancer_study_identifier	chdm_sd_7spqtt8m
case_cptac	study	case_cptac_meta_config.json	cancer_study_identifier	cptac_cbttc
dgd_non_brain	study	dgd_non_brain_case_meta_config.json	cancer_study_identifier	dgd_chop
meningioma_rna_publication	study	meningioma_rna_publication_meta_config.json	cancer_study_identifier	meningioma_rna_2019
oligo_nation	study	oligo_nation_case_meta_config.json	cancer_study_identifier	oligo_nation
open_chordoma	study	open_chordoma_case_meta_config.json	cancer_study_identifier	open_chordoma
os_sd_zxjffmef_2015	study	os_sd_zxjffmef_2015_case_meta_config.json	cancer_study_identifier	os_sd_zxjffmef_2015
pbta_all	study	pbta_all_case_meta_config.json	cancer_study_identifier	pbta_all
pbta_mioncoseq	study	pbta_mioncoseq_case_meta_config.json	cancer_study_identifier	pbta_mioncoseq
pbta_pnoc	study	pbta_pnoc_case_meta_config.json	cancer_study_identifier	pbta_pnoc
tll_sd_aq9kvn5p_2019	study	tll_sd_aq9kvn5p_2019_case_meta_config.json	cancer_study_identifier	tll_sd_aq9kvn5p_2019
x01_nbl_16_maris	study	x01_nbl_16_maris_case_meta_config.json	cancer_study_identifier	x01_fy16_nbl_maris
pbta_mioncoseq	study	pbta_mioncoseq_case_meta_config.json	citation	Mody RJ, Wu YM, Lonigro RJ, et al. JAMA. 2015; Koschmann C, Wu YM, Kumar-Sinha C, et al. JCO Precis Oncol. 2018
open_chordoma	study	open_chordoma_case_meta_config.json	description	A collaborative effort by <a href="http://cbtn.org">CBTN</a> and the <a href="https://www.chordomafoundation.org">Chordoma Foundation</a> to make available and accessible genomic data related to Chordoma. For updates, please see here: <a href="https://tinyurl.com/55cxz9am">Release Notes</a>
aml_sd_pet7q6f2_2018	study	aml_sd_pet7q6f2_2018_case_meta_config.json	description	Although myeloid disorders in children may show morphologic similarities to that seen in adults, TARGET AML initiative (Meshinchi, PI) clearly demonstrated that somatic genomic and transcriptome variants are highly distinct in children and young adults, and in fact there are variants that are uniquely restricted to younger children. TARGET AML initiative, helped identify numerous somatic alterations with high therapeutic potential in younger AML patients. Clinical outcome in children with myeloid disorders have remained poor in part due to lack of deep understanding of the genomic makeup of the disease as well as the host. Comprehensive studies of the host and disease may enable more informed therapies in order to optimize targeting the leukemia while minimizing short and long term toxicities, leading to improved survival with minimal morbidities. Additional keywords: GMKF, KF. For updates, please see here: <a href="https://tinyurl.com/55cxz9am">Release Notes</a>
os_sd_zxjffmef_2015	study	os_sd_zxjffmef_2015_case_meta_config.json	description	Although the survival of children with relapsed osteosarcoma is very poor, little is known about the etiology of treatment failure in this disease. The purpose of this project is to perform whole genome sequencing on serial samples from patients with osteosarcoma obtained before treatment, after treatment, and at relapse in order to identify the mutations and pathways that are drivers of drug resistance. If successful, our results may help identify patients at high risk for treatment failure and may yield new treatments for children who cannot currently be cured. Additional keywords: GMKF, KF. For updates, please see here: <a href="https://tinyurl.com/55cxz9am">Release Notes</a>
bllnos_sd_z6mwd3h0_2018	study	bllnos_sd_z6mwd3h0_2018_case_meta_config.json	description	Children with Down syndrome (DS), which occurs due to trisomy 21, have a 2000-fold increased risk of atrioventricular septal defects (AVSD) and a 20-fold increased risk of acute lymphoblastic leukemia (ALL), but it is not understood which genetic features of trisomy 21 are responsible for the increased risk. The objectives of this study are to determine the genetic variants underlying AVSD and ALL risk in children with DS, which builds upon our previous work suggesting having an extra copy of chromosome 21 may "move" the susceptibility threshold for disease in these children. Insights into the genes that drive DS-AVSD and DS-ALL may have implications for improved genetic counseling, surveillance, clinical management, and treatment strategies for these and other children who may develop AVSD or ALL. Additional keywords: GMKF, KF. For updates, please see here: <a href="https://tinyurl.com/55cxz9am">Release Notes</a>
dgd_non_brain	study	dgd_non_brain_case_meta_config.json	description	CHOP Division for Genomic Diagnostics Solid and Liquid Tumors. For updates, please see here: <a href="https://tinyurl.com/55cxz9am">Release Notes</a>
chdm_phs002301_2021	study	chdm_phs002301_2021_case_meta_config.json	description	Chordoma is a rare bone tumor, which is believed to originate from notochordal remnants. Based on the United States Surveillance Epidemiology and End Results (SEER) data, the incidence of chordoma varies by gender and race; however, little is known about the etiologic factors that predispose to it. Genomic profiling studies of chordoma are limited, particularly in the Chinese population. We therefore conducted a detailed molecular characterization of paired chordoma tumor/normal tissues using fresh frozen tissues and blood collected from skull-based Chinese chordoma patients. These analyses included whole exome sequencing and RNA sequencing analyses. For updates, please see here: <a href="https://tinyurl.com/55cxz9am">Release Notes</a>
chdm_sd_7spqtt8m	study	chdm_sd_7spqtt8m_case_meta_config.json	description	Disease models, including cell lines and xenograft models, are crucial resources needed for research to understand chordoma biology and identify new treatment strategies. In the past, lack of access to these models posed a major barrier to advancing chordoma research and prevented many researchers from entering the field. To overcome this barrier, the <a href="https://www.chordomafoundation.org/research/disease-models/">Chordoma Foundation</a> invests in developing new models and operates repositories to make them easily accessible to the research community. For updates, please see here: <a href="https://tinyurl.com/55cxz9am">Release Notes</a>
pbta_pnoc	study	pbta_pnoc_case_meta_config.json	description	Genomic characterization of Pacific Pediatric Neuro-Oncology Consortium Clinical Genomics Atlas samples provided by the <a href="https://pnoc.us/">Pacific Pediatric Neuro-Oncology Consortium (PNOC)</a>, and its partners via the <a href="http://kidsfirstdrc.org">Gabriella Miller Kids First Data Resource Center</a>. PNOC has generated and provided WGS and WXS for subjects enrolled in a PNOC clinical trial. This data set is part of the OpenDIPG Initiative that has collected, generated, harmonized and annotated the largest cohort of DIPG genome data to date. For updates, please see here: <a href="https://tinyurl.com/55cxz9am">Release Notes</a>
pbta_all	study	pbta_all_case_meta_config.json	description	Genomic characterization of Pediatric Brain Tumor Atlas samples provided by the <a href="http://cbtn.org">Children's Brain Tumor Network</a>, the <a href="http://www.pnoc.us/">Pacific Neuro-Oncology Consortium (PNOC)</a>, and its partners via the <a href="http://kidsfirstdrc.org">Gabriella Miller Kids First Data Resource Center</a>. For updates, please see here: <a href="https://tinyurl.com/55cxz9am">Release Notes</a>
pbta_mioncoseq	study	pbta_mioncoseq_case_meta_config.json	description	Genomic characterization of Pediatric CNS Tumors contributed by the MiOncoSeq program at the University of Michigan. This is a provisional release of data to be incorporated as part of the Pediatric Brain Tumor Atlas in partnership with the <a href="http://cbtn.org">Children's Brain Tumor Network</a>. For updates, please see here: <a href="https://tinyurl.com/55cxz9am">Release Notes</a>
case_cptac	study	case_cptac_meta_config.json	description	Genomic characterization through proteimics. Samples provided by the <a href="http://CBTTC.org">Children's Brain Tumor Tissue Consortium</a> and its partners via the <a href="http://kidsfirstdrc.org">Gabriella Miller Kids First Data Resource Center</a>. Updated Februrary 1, 2020 from last load, July 2019
x01_nbl_16_maris	study	x01_nbl_16_maris_case_meta_config.json	description	GMKF X01: Genetic basis of neuroblastoma initiation and progression. Samples, provided by the <a href="http://CBTN.org">Children's Brain Tumor Network</a> and its partners via the <a href="http://kidsfirstdrc.org">Gabriella Miller Kids First Data Resource Center</a>. Children with disseminated neuroblastoma have a very high risk of treatment failure and death despite receiving intensified chemotherapy, radiation therapy and immunotherapy. The long-term goal of our research program is to ultimately improve neuroblastoma cure rates by first comprehensively defining the genetic basis of the disease. The central hypothesis to be tested here is that neuroblastoma arises largely due to the epistatic interaction of common and rare heritable DNA variation. Here we performed whole genome sequencing of 563 quartets of neuroblastoma patient germline and diagnostic tumor DNAs and germline DNAs from both parents. Added keywords: KF. For updates, please see here: <a href="https://tinyurl.com/55cxz9am">Release Notes</a>
chdm_phs001643_2018	study	chdm_phs001643_2018_case_meta_config.json	description	In this study, we performed paired tumor/normal whole exome and shallow long insert whole genome sequencing, as well as tumor RNAseq, from archival chordoma specimens collected from four patients at the Barrow Neurological Institute in Phoenix, AZ. The purpose of this analysis was to identify potential therapeutic targets. In three patients, we observed that although different DNA and RNA changes were present in each tumor, alterations fell on converging pathways. In the fourth patient, constitutional DNA demonstrated potentially pathogenic alterations that may have predisposed the patient to chordoma. For updates, please see here: <a href="https://tinyurl.com/55cxz9am">Release Notes</a>
meningioma_rna_publication	study	meningioma_rna_publication_meta_config.json	description	Meningioma samples were obtained at the Hospital of the University of Pennsylvania (HUP) and banked after intraoperative examination under IRB protocol approved by the University of Pennsylvania. The discovery set consisted of 25 meningioma samples from 20 patients, which included de novo tumors. Cite this article: Viaene, A.N., Zhang, B., Martinez-Lage, M. et al. Transcriptome signatures associated with meningioma progression. acta neuropathol commun 7, 67 (2019). https://doi.org/10.1186/s40478-019-0690-x
oligo_nation	study	oligo_nation_case_meta_config.json	description	Oligodendroglioma (oligo) is a primary malignant brain cancer that develops from oligodendrocytes. Oligodendroglioma is one of the more common types of glioma (which also includes glioblastoma multiforme and astrocytoma). It is a rare tumor that strikes people of all ages; on average, 1,500 new cases are diagnosed per year in the United States. Rarely, families with multiple affected members have been reported, suggesting that a predisposition for oligodendroglioma can be inherited from blood relatives. Because oligodendroglioma is so rare, it has not been well-studied, due in part to a lack of available biospecimens and data for research use. In collaboration and partnerships with Oligo Nation, CBTN or The Children's Brain Tumor Network and University of Pennsylvania, data types within this project encompass matched tumor/normal whole genome data (WGS), RNA-seq, and longitudinal clinical data. For updates, please see here: <a href="https://tinyurl.com/55cxz9am">Release Notes</a>
tll_sd_aq9kvn5p_2019	study	tll_sd_aq9kvn5p_2019_case_meta_config.json	description	This study focuses on improving the treatment of relapsed T-cell acute lymphoblastic leukemia (T-ALL), a type of blood cancer with a poor prognosis. Currently, it is challenging to identify patients at high risk of relapse at the time of diagnosis. The study analyzes the genetic makeup of T-ALL patients from a clinical trial (AALL0434) to find genetic alterations that could help predict poor outcomes and guide alternative treatments. The research uses comprehensive genomic profiling techniques like RNA-seq, DNA CNV analysis, WXS, and WGS. The specific goals are to identify recurrent genetic alterations associated with poor prognosis, discover novel genetic changes, and find germline genetic variants that make patients more susceptible to T-ALL and increased chemotherapy toxicity. The findings aim to advance our understanding of T-ALL and provide insights for better risk stratification and personalized therapies. KF, GMKF. For updates, please see here: <a href="https://tinyurl.com/55cxz9am">Release Notes</a>
dgd_non_brain	study	dgd_non_brain_case_meta_config.json	display_name	CHOP Division for Genomic Diagnostics Solid and Liquid Tumors
chdm_sd_7spqtt8m	study	chdm_sd_7spqtt8m_case_meta_config.json	display_name	Chordoma Foundation Disease Models (Chordoma Foundation, Provisional)
chdm_phs001643_2018	study	chdm_phs001643_2018_case_meta_config.json	display_name	Genomic and transcriptomic characterization of chordoma (phs001643, Provisional)
bllnos_sd_z6mwd3h0_2018	study	bllnos_sd_z6mwd3h0_2018_case_meta_config.json	display_name	Kids First and INCLUDE: Down Syndrome, Heart Defects, and Acute Lymphoblastic Leukemia (phs002330, Lupo, Provisional)
os_sd_zxjffmef_2015	study	os_sd_zxjffmef_2015_case_meta_config.json	display_name	Kids First: An Integrated Clinical and Genomic Analysis of Treatment Failure in Pediatric Osteosarcoma (phs001714, Onel, Provisional)
tll_sd_aq9kvn5p_2019	study	tll_sd_aq9kvn5p_2019_case_meta_config.json	display_name	Kids First: Comprehensive Genomic Profiling to Improve Prediction of Clinical Outcome for Children with T-cell Acute Lymphoblastic Leukemia (phs002276, Provisional)
x01_nbl_16_maris	study	x01_nbl_16_maris_case_meta_config.json	display_name	Kids First: Discovering the Genetic Basis of Human Neuroblastoma (phs001436, Maris, Provisional)
aml_sd_pet7q6f2_2018	study	aml_sd_pet7q6f2_2018_case_meta_config.json	display_name	Kids First: Germline and Somatic Variants in Myeloid Malignancies in Children (phs002187, Meshinchi, Provisional)
oligo_nation	study	oligo_nation_case_meta_config.json	display_name	Oligo Nation (CBTN, Provisional)
open_chordoma	study	open_chordoma_case_meta_config.json	display_name	Open Chordoma (Chordoma Foundation, PBTA, dbGap, Provisional)
pbta_pnoc	study	pbta_pnoc_case_meta_config.json	display_name	Pacific Pediatric Neuro-Oncology Consortium Clinical Genomics Atlas (PNOC, PBTA, Provisional)
pbta_all	study	pbta_all_case_meta_config.json	display_name	Pediatric Brain Tumor Atlas (PBTA, Provisional)
pbta_mioncoseq	study	pbta_mioncoseq_case_meta_config.json	display_name	Pediatric MiOncoSeq CNS Tumors (PBTA, Provisional)
case_cptac	study	case_cptac_meta_config.json	display_name	Proteomics (CBTTC, PBTA, Provisional)
meningioma_rna_publication	study	meningioma_rna_publication_meta_config.json	display_name	Transcriptome signatures associated with meningioma progression(Publication)
chdm_phs002301_2021	study	chdm_phs002301_2021_case_meta_config.json	display_name	Whole Genome Sequencing of Skull-Based Chordoma (phs002301, Provisional)
chdm_phs002301_2021	study	chdm_phs002301_2021_case_meta_config.json	groups	phs002301
aml_sd_pet7q6f2_2018	study	aml_sd_pet7q6f2_2018_case_meta_config.json	groups	PUBLIC
bllnos_sd_z6mwd3h0_2018	study	bllnos_sd_z6mwd3h0_2018_case_meta_config.json	groups	PUBLIC
case_cptac	study	case_cptac_meta_config.json	groups	PUBLIC
chdm_phs001643_2018	study	chdm_phs001643_2018_case_meta_config.json	groups	PUBLIC
chdm_sd_7spqtt8m	study	chdm_sd_7spqtt8m_case_meta_config.json	groups	PUBLIC
dgd_non_brain	study	dgd_non_brain_case_meta_config.json	groups	PUBLIC
meningioma_rna_publication	study	meningioma_rna_publication_meta_config.json	groups	PUBLIC
oligo_nation	study	oligo_nation_case_meta_config.json	groups	PUBLIC
open_chordoma	study	open_chordoma_case_meta_config.json	groups	PUBLIC
os_sd_zxjffmef_2015	study	os_sd_zxjffmef_2015_case_meta_config.json	groups	PUBLIC
pbta_all	study	pbta_all_case_meta_config.json	groups	PUBLIC
pbta_mioncoseq	study	pbta_mioncoseq_case_meta_config.json	groups	PUBLIC
pbta_pnoc	study	pbta_pnoc_case_meta_config.json	groups	PUBLIC
tll_sd_aq9kvn5p_2019	study	tll_sd_aq9kvn5p_2019_case_meta_config.json	groups	PUBLIC
x01_nbl_16_maris	study	x01_nbl_16_maris_case_meta_config.json	groups	PUBLIC
pbta_mioncoseq	study	pbta_mioncoseq_case_meta_config.json	pmid	26325560,32832832
chdm_phs002301_2021	study	chdm_phs002301_2021_case_meta_config.json	pmid	PMC7859411
os_sd_zxjffmef_2015	study	os_sd_zxjffmef_2015_case_meta_config.json	short_name	An Integrated Analysis of Treatment Failure in Pediatric OS
chdm_phs001643_2018	study	chdm_phs001643_2018_case_meta_config.json	short_name	chdm_phs001643_2018
chdm_phs002301_2021	study	chdm_phs002301_2021_case_meta_config.json	short_name	chdm_phs002301_2021
chdm_sd_7spqtt8m	study	chdm_sd_7spqtt8m_case_meta_config.json	short_name	chdm_sd_7spqtt8m
dgd_non_brain	study	dgd_non_brain_case_meta_config.json	short_name	dgd_chop
bllnos_sd_z6mwd3h0_2018	study	bllnos_sd_z6mwd3h0_2018_case_meta_config.json	short_name	Genomic Analysis of CHD and ALL in Children with Down Syndrome
aml_sd_pet7q6f2_2018	study	aml_sd_pet7q6f2_2018_case_meta_config.json	short_name	Kids First: Myeloid Malignancies
meningioma_rna_publication	study	meningioma_rna_publication_meta_config.json	short_name	meningioma
oligo_nation	study	oligo_nation_case_meta_config.json	short_name	oligo_nation
open_chordoma	study	open_chordoma_case_meta_config.json	short_name	open_chordoma
pbta_all	study	pbta_all_case_meta_config.json	short_name	pbta_all
pbta_mioncoseq	study	pbta_mioncoseq_case_meta_config.json	short_name	pbta_mioncoseq
pbta_pnoc	study	pbta_pnoc_case_meta_config.json	short_name	pbta_pnoc
tll_sd_aq9kvn5p_2019	study	tll_sd_aq9kvn5p_2019_case_meta_config.json	short_name	tll_sd_aq9kvn5p_2019
x01_nbl_16_maris	study	x01_nbl_16_maris_case_meta_config.json	short_name	x01_fy16_nbl_maris
aml_sd_pet7q6f2_2018	study	aml_sd_pet7q6f2_2018_case_meta_config.json	type_of_cancer	aml
bllnos_sd_z6mwd3h0_2018	study	bllnos_sd_z6mwd3h0_2018_case_meta_config.json	type_of_cancer	aml
pbta_all	study	pbta_all_case_meta_config.json	type_of_cancer	brain
pbta_mioncoseq	study	pbta_mioncoseq_case_meta_config.json	type_of_cancer	brain
pbta_pnoc	study	pbta_pnoc_case_meta_config.json	type_of_cancer	brain
chdm_phs001643_2018	study	chdm_phs001643_2018_case_meta_config.json	type_of_cancer	chdm
chdm_phs002301_2021	study	chdm_phs002301_2021_case_meta_config.json	type_of_cancer	chdm
chdm_sd_7spqtt8m	study	chdm_sd_7spqtt8m_case_meta_config.json	type_of_cancer	chdm
open_chordoma	study	open_chordoma_case_meta_config.json	type_of_cancer	chdm
dgd_non_brain	study	dgd_non_brain_case_meta_config.json	type_of_cancer	mixed
meningioma_rna_publication	study	meningioma_rna_publication_meta_config.json	type_of_cancer	mng
x01_nbl_16_maris	study	x01_nbl_16_maris_case_meta_config.json	type_of_cancer	nbl
oligo_nation	study	oligo_nation_case_meta_config.json	type_of_cancer	odg
os_sd_zxjffmef_2015	study	os_sd_zxjffmef_2015_case_meta_config.json	type_of_cancer	os
tll_sd_aq9kvn5p_2019	study	tll_sd_aq9kvn5p_2019_case_meta_config.json	type_of_cancer	tll
